{
  "cars": [
    {
      "id": 1,
      "brand": "Toyota",
      "model": "Camry",
      "year": 2023,
      "type": "Sedan",
      "price": 65,
      "images": [
        "https://images.pexels.com/photos/170811/pexels-photo-170811.jpeg"
      ],
      "available": true,
      "features": [
        "GPS",
        "Bluetooth",
        "Backup Camera",
        "Cruise Control"
      ],
      "description": "Reliable and comfortable sedan, perfect for city driving."
    },
    {
      "id": 2,
      "brand": "Honda",
      "model": "CR-V",
      "year": 2022,
      "type": "SUV",
      "price": 85,
      "images": [
        "https://images.pexels.com/photos/1592384/pexels-photo-1592384.jpeg"
      ],
      "available": true,
      "features": [
        "All-Wheel Drive",
        "Bluetooth",
        "Backup Camera",
        "Heated Seats"
      ],
      "description": "Compact SUV with ample space and great fuel efficiency."
    },
    {
      "id": 3,
      "brand": "BMW",
      "model": "3 Series",
      "year": 2023,
      "type": "Luxury",
      "price": 120,
      "images": [
        "https://images.pexels.com/photos/3764984/pexels-photo-3764984.jpeg"
      ],
      "available": true,
      "features": [
        "Leather Seats",
        "Premium Sound System",
        "Parking Assist",
        "Navigation"
      ],
      "description": "Executive sedan with premium features and excellent performance."
    },
    {
      "id": 4,
      "brand": "Ford",
      "model": "F-150",
      "year": 2022,
      "type": "Truck",
      "price": 110,
      "images": [
        "https://images.pexels.com/photos/2676096/pexels-photo-2676096.jpeg"
      ],
      "available": true,
      "features": [
        "Towing Package",
        "4x4",
        "Bluetooth",
        "Backup Camera"
      ],
      "description": "Powerful and versatile pickup truck, ideal for heavy-duty tasks."
    },
    {
      "id": 5,
      "brand": "Chevrolet",
      "model": "Corvette",
      "year": 2023,
      "type": "Sports",
      "price": 200,
      "images": [
        "https://images.pexels.com/photos/337909/pexels-photo-337909.jpeg"
      ],
      "available": true,
      "features": [
        "Leather Seats",
        "Premium Sound System",
        "Navigation",
        "Sports Mode"
      ],
      "description": "Iconic American sports car with breathtaking performance."
    }
  ]
}